{
	"system" : {
		"platform" : "windows64",
		"os_name" : "Windows 10",
		"os_version" : "10.0"
	},
	"error" : {
		"executable" : "quartus",
		"comment" : "not_applicable",
		"error_message" : "Access Violation at 0X00007FFD54411D1D",
		"source_file" : "unknown",
		"line" : "0",
		"stack_trace" : "\t0x7ffd54411d1c: ntdll + 0x21d1c (RtlEnterCriticalSection + 0xc)\n\t0x7ffd0265226a: wintab32 + 0x226a (Ordinal998 + 0x226a)\n\t0x7ffd0265101c: wintab32 + 0x101c (Ordinal998 + 0x101c)\n\t0x7ffd026591a3: wintab32 + 0x91a3 (WTMgrCsrPressureBtnMarksEx + 0x793)\n\t0x7ffd54418dde: ntdll + 0x28dde (RtlActivateActivationContextUnsafeFast + 0x12e)\n\t0x7ffd54441775: ntdll + 0x51775 (LdrShutdownProcess + 0x175)\n\t0x7ffd5444136c: ntdll + 0x5136c (RtlExitUserProcess + 0xac)\n\t0x7ffd52487cca: KERNEL32 + 0x17cca (ExitProcess + 0xa)\n\t0x7ffd37ac29a6: MSVCR120 + 0x229a6 (_initterm_e + 0x21a)\n\t0x7ff7f9cb1e6f: quartus + 0x1e6f (__tmainCRTStartup + 0x15f)\n\t0x7ffd5248244c: KERNEL32 + 0x1244c (BaseThreadInitThunk + 0x1c)\n\t0x7ffd5444dfb7: ntdll + 0x5dfb7 (RtlUserThreadStart + 0x27)\n",
		"subsystem" : "unknown"
	},
	"quartus" : {
		"quartus_bits" : "64",
		"version" : "18.1.0",
		"build" : "625",
		"edition" : "Lite Edition"
	}
}